{
  "type": "FeatureCollection",
  "features": [
    {
      "type": "Feature",
      "properties": {
        "FacilityID": 36,
        "Name": "1719 N. Broad Street\nPhiladelphia, PA 19122 : 15 - 20",
        "FromBreak": 15,
        "ToBreak": 20,
        "Shape_Leng": 0.19773734911,
        "Shape_Area": 0.00027739351
      },
      "geometry": {
        "type": "MultiPolygon",
        "coordinates": [
          [
            [
              [
                -75.15450392499997,
                39.995391572000074
              ],
              [
                -75.15360561299997,
                39.99494241700006
              ],
              [
                -75.15315645799996,
                39.99404410600005
              ],
              [
                -75.15203356899997,
                39.99404410600005
              ],
              [
                -75.15180899099994,
                39.99337037200007
              ],
              [
                -75.15046152399998,
                39.99247206100006
              ],
              [
                -75.15023694599995,
                39.99134917200007
              ],
              [
                -75.14888947999998,
                39.99090001700006
              ],
              [
                -75.14844032399998,
                39.990001705000054
              ],
              [
                -75.14731743499993,
                39.98955255000004
              ],
              [
                -75.14619454599995,
                39.98753135000004
              ],
              [
                -75.14507165699996,
                39.98708219400004
              ],
              [
                -75.14484707899999,
                39.98573472700008
              ],
              [
                -75.14349961299996,
                39.98551014900005
              ],
              [
                -75.14305045699996,
                39.984836416000064
              ],
              [
                -75.14327503499999,
                39.98438726100005
              ],
              [
                -75.14147841199997,
                39.983039794000035
              ],
              [
                -75.14125383499999,
                39.98214148300008
              ],
              [
                -75.13990636799997,
                39.981692327000076
              ],
              [
                -75.13900805699996,
                39.98012028200003
              ],
              [
                -75.13900805699996,
                39.97899739300004
              ],
              [
                -75.14013094599994,
                39.977874504000056
              ],
              [
                -75.13990636799997,
                39.97742534900004
              ],
              [
                -75.13878347899998,
                39.97720077100007
              ],
              [
                -75.13833432299998,
                39.976302460000056
              ],
              [
                -75.13878347899998,
                39.97562872700007
              ],
              [
                -75.14013094599994,
                39.97540414900004
              ],
              [
                -75.14013094599994,
                39.97450583800003
              ],
              [
                -75.14125383499999,
                39.97360752600008
              ],
              [
                -75.14237672399997,
                39.97338294900004
              ],
              [
                -75.14327503499999,
                39.97383210400005
              ],
              [
                -75.14394876799997,
                39.97293379300004
              ],
              [
                -75.14507165699996,
                39.97315837100007
              ],
              [
                -75.14596996799997,
                39.97203548200008
              ],
              [
                -75.14754201299996,
                39.97203548200008
              ],
              [
                -75.14933863499994,
                39.97001428200008
              ],
              [
                -75.15023694599995,
                39.97001428200008
              ],
              [
                -75.15158441299997,
                39.968891393000035
              ],
              [
                -75.15225814699994,
                39.969115971000065
              ],
              [
                -75.15315645799996,
                39.96866681500006
              ],
              [
                -75.15405476899997,
                39.967319348000046
              ],
              [
                -75.15495307999998,
                39.967319348000046
              ],
              [
                -75.15809716899997,
                39.965522726000074
              ],
              [
                -75.15922005799996,
                39.96597188100003
              ],
              [
                -75.15944463599999,
                39.965298148000045
              ],
              [
                -75.16056752499998,
                39.96507357000007
              ],
              [
                -75.16258872499998,
                39.96642103700003
              ],
              [
                -75.16303788099998,
                39.96799308200008
              ],
              [
                -75.16348703599994,
                39.96776850400005
              ],
              [
                -75.16416076999997,
                39.96821765900006
              ],
              [
                -75.16460992499998,
                39.96934054800005
              ],
              [
                -75.16685570299995,
                39.971137171000066
              ],
              [
                -75.16797859199994,
                39.97338294900004
              ],
              [
                -75.16999979199994,
                39.97450583800003
              ],
              [
                -75.17022436999997,
                39.97540414900004
              ],
              [
                -75.17359303699999,
                39.97854823800003
              ],
              [
                -75.17381761499996,
                39.979671127000074
              ],
              [
                -75.17471592599998,
                39.97989570500005
              ],
              [
                -75.17538965899996,
                39.981243171000074
              ],
              [
                -75.17651254799995,
                39.981692327000076
              ],
              [
                -75.17696170399995,
                39.98259063800003
              ],
              [
                -75.17606339299994,
                39.98371352700008
              ],
              [
                -75.17449134799995,
                39.98371352700008
              ],
              [
                -75.17404219299993,
                39.984611838000035
              ],
              [
                -75.17269472599997,
                39.984836416000064
              ],
              [
                -75.17202099199994,
                39.98595930500005
              ],
              [
                -75.17067352599997,
                39.986633038000036
              ],
              [
                -75.16955063699999,
                39.98640846100005
              ],
              [
                -75.16932605899996,
                39.98708219400004
              ],
              [
                -75.16797859199994,
                39.98730677200007
              ],
              [
                -75.16752943699998,
                39.988429661000055
              ],
              [
                -75.16663112499998,
                39.98887881600007
              ],
              [
                -75.16573281399997,
                39.98865423900003
              ],
              [
                -75.16595739199994,
                39.98910339400004
              ],
              [
                -75.16550823599994,
                39.98977712800007
              ],
              [
                -75.16348703599994,
                39.990001705000054
              ],
              [
                -75.16326245799996,
                39.99090001700006
              ],
              [
                -75.16258872499998,
                39.99134917200007
              ],
              [
                -75.16124125799996,
                39.99112459400004
              ],
              [
                -75.16056752499998,
                39.99224748300003
              ],
              [
                -75.15922005799996,
                39.99247206100006
              ],
              [
                -75.15764801399996,
                39.99404410600005
              ],
              [
                -75.15652512499997,
                39.99404410600005
              ],
              [
                -75.15607596899997,
                39.99494241700006
              ],
              [
                -75.15450392499997,
                39.995391572000074
              ]
            ],
            [
              [
                -75.15989379199993,
                39.968891393000035
              ],
              [
                -75.15877090299995,
                39.968891393000035
              ],
              [
                -75.15809716899997,
                39.96956512600008
              ],
              [
                -75.15742343599999,
                39.96934054800005
              ],
              [
                -75.15674970199996,
                39.97001428200008
              ],
              [
                -75.15562681399996,
                39.97001428200008
              ],
              [
                -75.15495307999998,
                39.970688015000064
              ],
              [
                -75.15383019099994,
                39.97091259300004
              ],
              [
                -75.15248272399998,
                39.97203548200008
              ],
              [
                -75.15068610199995,
                39.972709215000066
              ],
              [
                -75.15023694599995,
                39.97383210400005
              ],
              [
                -75.14888947999998,
                39.97360752600008
              ],
              [
                -75.14821574599995,
                39.974056682000025
              ],
              [
                -75.14799116899997,
                39.97495499300004
              ],
              [
                -75.14641912399998,
                39.97517957100007
              ],
              [
                -75.14596996799997,
                39.97607788200003
              ],
              [
                -75.14462250199995,
                39.976302460000056
              ],
              [
                -75.14417334599995,
                39.97720077100007
              ],
              [
                -75.14260130099996,
                39.97720077100007
              ],
              [
                -75.14192756799997,
                39.97832366000006
              ],
              [
                -75.14260130099996,
                39.979671127000074
              ],
              [
                -75.14372418999994,
                39.97989570500005
              ],
              [
                -75.14439792399997,
                39.981018594000034
              ],
              [
                -75.14507165699996,
                39.981243171000074
              ],
              [
                -75.14507165699996,
                39.98214148300008
              ],
              [
                -75.14619454599995,
                39.983264372000065
              ],
              [
                -75.14641912399998,
                39.98416268300008
              ],
              [
                -75.14754201299996,
                39.984611838000035
              ],
              [
                -75.14844032399998,
                39.98618388300008
              ],
              [
                -75.14956321299996,
                39.98640846100005
              ],
              [
                -75.15023694599995,
                39.98798050500005
              ],
              [
                -75.15135983499994,
                39.988205083000025
              ],
              [
                -75.15158441299997,
                39.98955255000004
              ],
              [
                -75.15270730199995,
                39.990001705000054
              ],
              [
                -75.15315645799996,
                39.99090001700006
              ],
              [
                -75.15450392499997,
                39.99090001700006
              ],
              [
                -75.15472850199995,
                39.99157375000004
              ],
              [
                -75.15540223599999,
                39.99179832800007
              ],
              [
                -75.15787259099994,
                39.990450861000056
              ],
              [
                -75.15832174699995,
                39.98932797200007
              ],
              [
                -75.16011836899997,
                39.98932797200007
              ],
              [
                -75.16124125799996,
                39.98798050500005
              ],
              [
                -75.16326245799996,
                39.98730677200007
              ],
              [
                -75.16348703599994,
                39.986633038000036
              ],
              [
                -75.16505908099998,
                39.986633038000036
              ],
              [
                -75.16573281399997,
                39.98551014900005
              ],
              [
                -75.16730485899996,
                39.98506099400004
              ],
              [
                -75.16752943699998,
                39.98416268300008
              ],
              [
                -75.16932605899996,
                39.98393810500005
              ],
              [
                -75.16977521499996,
                39.983039794000035
              ],
              [
                -75.17112268099999,
                39.98259063800003
              ],
              [
                -75.17157183699999,
                39.98191690500005
              ],
              [
                -75.17112268099999,
                39.981018594000034
              ],
              [
                -75.17022436999997,
                39.98079401600006
              ],
              [
                -75.16999979199994,
                39.979671127000074
              ],
              [
                -75.16865232599997,
                39.97877281600006
              ],
              [
                -75.16865232599997,
                39.97764992700007
              ],
              [
                -75.16797859199994,
                39.97720077100007
              ],
              [
                -75.16752943699998,
                39.97742534900004
              ],
              [
                -75.16730485899996,
                39.976302460000056
              ],
              [
                -75.16618196999997,
                39.97562872700007
              ],
              [
                -75.16595739199994,
                39.97473041500007
              ],
              [
                -75.16348703599994,
                39.97315837100007
              ],
              [
                -75.16281330299995,
                39.971137171000066
              ],
              [
                -75.16146583599993,
                39.970688015000064
              ],
              [
                -75.16124125799996,
                39.96978970400005
              ],
              [
                -75.15989379199993,
                39.968891393000035
              ]
            ]
          ]
        ]
      }
    },
    {
      "type": "Feature",
      "properties": {
        "FacilityID": 36,
        "Name": "1719 N. Broad Street\nPhiladelphia, PA 19122 : 10 - 15",
        "FromBreak": 10,
        "ToBreak": 15,
        "Shape_Leng": 0.14243809505,
        "Shape_Area": 0.00019586505
      },
      "geometry": {
        "type": "MultiPolygon",
        "coordinates": [
          [
            [
              [
                -75.15540223599999,
                39.99179832800007
              ],
              [
                -75.15472850199995,
                39.99157375000004
              ],
              [
                -75.15450392499997,
                39.99090001700006
              ],
              [
                -75.15315645799996,
                39.99090001700006
              ],
              [
                -75.15270730199995,
                39.990001705000054
              ],
              [
                -75.15158441299997,
                39.98955255000004
              ],
              [
                -75.15135983499994,
                39.988205083000025
              ],
              [
                -75.15023694599995,
                39.98798050500005
              ],
              [
                -75.14956321299996,
                39.98640846100005
              ],
              [
                -75.14844032399998,
                39.98618388300008
              ],
              [
                -75.14754201299996,
                39.984611838000035
              ],
              [
                -75.14641912399998,
                39.98416268300008
              ],
              [
                -75.14619454599995,
                39.983264372000065
              ],
              [
                -75.14507165699996,
                39.98214148300008
              ],
              [
                -75.14507165699996,
                39.981243171000074
              ],
              [
                -75.14439792399997,
                39.981018594000034
              ],
              [
                -75.14372418999994,
                39.97989570500005
              ],
              [
                -75.14260130099996,
                39.979671127000074
              ],
              [
                -75.14192756799997,
                39.97832366000006
              ],
              [
                -75.14260130099996,
                39.97720077100007
              ],
              [
                -75.14417334599995,
                39.97720077100007
              ],
              [
                -75.14462250199995,
                39.976302460000056
              ],
              [
                -75.14596996799997,
                39.97607788200003
              ],
              [
                -75.14641912399998,
                39.97517957100007
              ],
              [
                -75.14799116899997,
                39.97495499300004
              ],
              [
                -75.14821574599995,
                39.974056682000025
              ],
              [
                -75.14888947999998,
                39.97360752600008
              ],
              [
                -75.15023694599995,
                39.97383210400005
              ],
              [
                -75.15068610199995,
                39.972709215000066
              ],
              [
                -75.15248272399998,
                39.97203548200008
              ],
              [
                -75.15383019099994,
                39.97091259300004
              ],
              [
                -75.15495307999998,
                39.970688015000064
              ],
              [
                -75.15562681399996,
                39.97001428200008
              ],
              [
                -75.15674970199996,
                39.97001428200008
              ],
              [
                -75.15742343599999,
                39.96934054800005
              ],
              [
                -75.15809716899997,
                39.96956512600008
              ],
              [
                -75.15877090299995,
                39.968891393000035
              ],
              [
                -75.15989379199993,
                39.968891393000035
              ],
              [
                -75.16124125799996,
                39.96978970400005
              ],
              [
                -75.16146583599993,
                39.970688015000064
              ],
              [
                -75.16281330299995,
                39.971137171000066
              ],
              [
                -75.16348703599994,
                39.97315837100007
              ],
              [
                -75.16595739199994,
                39.97473041500007
              ],
              [
                -75.16618196999997,
                39.97562872700007
              ],
              [
                -75.16730485899996,
                39.976302460000056
              ],
              [
                -75.16752943699998,
                39.97742534900004
              ],
              [
                -75.16797859199994,
                39.97720077100007
              ],
              [
                -75.16865232599997,
                39.97764992700007
              ],
              [
                -75.16865232599997,
                39.97877281600006
              ],
              [
                -75.16999979199994,
                39.979671127000074
              ],
              [
                -75.17022436999997,
                39.98079401600006
              ],
              [
                -75.17112268099999,
                39.981018594000034
              ],
              [
                -75.17157183699999,
                39.98191690500005
              ],
              [
                -75.17112268099999,
                39.98259063800003
              ],
              [
                -75.16977521499996,
                39.983039794000035
              ],
              [
                -75.16932605899996,
                39.98393810500005
              ],
              [
                -75.16752943699998,
                39.98416268300008
              ],
              [
                -75.16730485899996,
                39.98506099400004
              ],
              [
                -75.16573281399997,
                39.98551014900005
              ],
              [
                -75.16505908099998,
                39.986633038000036
              ],
              [
                -75.16348703599994,
                39.986633038000036
              ],
              [
                -75.16326245799996,
                39.98730677200007
              ],
              [
                -75.16124125799996,
                39.98798050500005
              ],
              [
                -75.16011836899997,
                39.98932797200007
              ],
              [
                -75.15832174699995,
                39.98932797200007
              ],
              [
                -75.15787259099994,
                39.990450861000056
              ],
              [
                -75.15540223599999,
                39.99179832800007
              ]
            ],
            [
              [
                -75.15922005799996,
                39.97226006000005
              ],
              [
                -75.15832174699995,
                39.972484637000036
              ],
              [
                -75.15787259099994,
                39.97338294900004
              ],
              [
                -75.15652512499997,
                39.97315837100007
              ],
              [
                -75.15562681399996,
                39.974056682000025
              ],
              [
                -75.15427934699994,
                39.974281260000055
              ],
              [
                -75.15383019099994,
                39.97517957100007
              ],
              [
                -75.15315645799996,
                39.97473041500007
              ],
              [
                -75.15248272399998,
                39.97495499300004
              ],
              [
                -75.15023694599995,
                39.97675161600006
              ],
              [
                -75.14686827999998,
                39.97809908200003
              ],
              [
                -75.14641912399998,
                39.97877281600006
              ],
              [
                -75.14754201299996,
                39.98056943800003
              ],
              [
                -75.14888947999998,
                39.98079401600006
              ],
              [
                -75.14978779099994,
                39.983039794000035
              ],
              [
                -75.15091067999998,
                39.98438726100005
              ],
              [
                -75.15270730199995,
                39.985285572000066
              ],
              [
                -75.15338103599998,
                39.986857616000066
              ],
              [
                -75.15630054699994,
                39.98775592700008
              ],
              [
                -75.15764801399996,
                39.98730677200007
              ],
              [
                -75.15877090299995,
                39.98595930500005
              ],
              [
                -75.16034294699995,
                39.98595930500005
              ],
              [
                -75.16101668099998,
                39.984836416000064
              ],
              [
                -75.16236414699995,
                39.984611838000035
              ],
              [
                -75.16258872499998,
                39.98393810500005
              ],
              [
                -75.16416076999997,
                39.98393810500005
              ],
              [
                -75.16460992499998,
                39.98281521600006
              ],
              [
                -75.16595739199994,
                39.98281521600006
              ],
              [
                -75.16730485899996,
                39.981467749000046
              ],
              [
                -75.16685570299995,
                39.98056943800003
              ],
              [
                -75.16595739199994,
                39.98034486000006
              ],
              [
                -75.16483450299995,
                39.97832366000006
              ],
              [
                -75.16393619199994,
                39.97809908200003
              ],
              [
                -75.16371161399996,
                39.97742534900004
              ],
              [
                -75.16281330299995,
                39.97697619300004
              ],
              [
                -75.16258872499998,
                39.97562872700007
              ],
              [
                -75.16169041399996,
                39.97473041500007
              ],
              [
                -75.16056752499998,
                39.97450583800003
              ],
              [
                -75.15989379199993,
                39.972709215000066
              ],
              [
                -75.15922005799996,
                39.97226006000005
              ]
            ]
          ]
        ]
      }
    },
    {
      "type": "Feature",
      "properties": {
        "FacilityID": 36,
        "Name": "1719 N. Broad Street\nPhiladelphia, PA 19122 : 5 - 10",
        "FromBreak": 5,
        "ToBreak": 10,
        "Shape_Leng": 0.08901599137,
        "Shape_Area": 0.00012762624
      },
      "geometry": {
        "type": "MultiPolygon",
        "coordinates": [
          [
            [
              [
                -75.15630054699994,
                39.98775592700008
              ],
              [
                -75.15338103599998,
                39.986857616000066
              ],
              [
                -75.15270730199995,
                39.985285572000066
              ],
              [
                -75.15091067999998,
                39.98438726100005
              ],
              [
                -75.14978779099994,
                39.983039794000035
              ],
              [
                -75.14888947999998,
                39.98079401600006
              ],
              [
                -75.14754201299996,
                39.98056943800003
              ],
              [
                -75.14641912399998,
                39.97877281600006
              ],
              [
                -75.14686827999998,
                39.97809908200003
              ],
              [
                -75.15023694599995,
                39.97675161600006
              ],
              [
                -75.15248272399998,
                39.97495499300004
              ],
              [
                -75.15315645799996,
                39.97473041500007
              ],
              [
                -75.15383019099994,
                39.97517957100007
              ],
              [
                -75.15427934699994,
                39.974281260000055
              ],
              [
                -75.15562681399996,
                39.974056682000025
              ],
              [
                -75.15652512499997,
                39.97315837100007
              ],
              [
                -75.15787259099994,
                39.97338294900004
              ],
              [
                -75.15832174699995,
                39.972484637000036
              ],
              [
                -75.15922005799996,
                39.97226006000005
              ],
              [
                -75.15989379199993,
                39.972709215000066
              ],
              [
                -75.16056752499998,
                39.97450583800003
              ],
              [
                -75.16169041399996,
                39.97473041500007
              ],
              [
                -75.16258872499998,
                39.97562872700007
              ],
              [
                -75.16281330299995,
                39.97697619300004
              ],
              [
                -75.16371161399996,
                39.97742534900004
              ],
              [
                -75.16393619199994,
                39.97809908200003
              ],
              [
                -75.16483450299995,
                39.97832366000006
              ],
              [
                -75.16595739199994,
                39.98034486000006
              ],
              [
                -75.16685570299995,
                39.98056943800003
              ],
              [
                -75.16730485899996,
                39.981467749000046
              ],
              [
                -75.16595739199994,
                39.98281521600006
              ],
              [
                -75.16460992499998,
                39.98281521600006
              ],
              [
                -75.16416076999997,
                39.98393810500005
              ],
              [
                -75.16258872499998,
                39.98393810500005
              ],
              [
                -75.16236414699995,
                39.984611838000035
              ],
              [
                -75.16101668099998,
                39.984836416000064
              ],
              [
                -75.16034294699995,
                39.98595930500005
              ],
              [
                -75.15877090299995,
                39.98595930500005
              ],
              [
                -75.15764801399996,
                39.98730677200007
              ],
              [
                -75.15630054699994,
                39.98775592700008
              ]
            ],
            [
              [
                -75.15854632499997,
                39.976302460000056
              ],
              [
                -75.15697427999999,
                39.97675161600006
              ],
              [
                -75.15674970199996,
                39.97720077100007
              ],
              [
                -75.15562681399996,
                39.97675161600006
              ],
              [
                -75.15450392499997,
                39.97720077100007
              ],
              [
                -75.15338103599998,
                39.97854823800003
              ],
              [
                -75.15203356899997,
                39.97854823800003
              ],
              [
                -75.15113525799995,
                39.979446549000045
              ],
              [
                -75.15158441299997,
                39.98034486000006
              ],
              [
                -75.15248272399998,
                39.98056943800003
              ],
              [
                -75.15293187999998,
                39.981467749000046
              ],
              [
                -75.15472850199995,
                39.98259063800003
              ],
              [
                -75.15517765799996,
                39.98393810500005
              ],
              [
                -75.15697427999999,
                39.98438726100005
              ],
              [
                -75.15809716899997,
                39.98281521600006
              ],
              [
                -75.15899547999999,
                39.983264372000065
              ],
              [
                -75.15966921399996,
                39.98281521600006
              ],
              [
                -75.15989379199993,
                39.981692327000076
              ],
              [
                -75.16169041399996,
                39.981692327000076
              ],
              [
                -75.16258872499998,
                39.98079401600006
              ],
              [
                -75.15854632499997,
                39.976302460000056
              ]
            ]
          ]
        ]
      }
    },
    {
      "type": "Feature",
      "properties": {
        "FacilityID": 36,
        "Name": "1719 N. Broad Street\nPhiladelphia, PA 19122 : 0 - 5",
        "FromBreak": 0,
        "ToBreak": 5,
        "Shape_Leng": 0.03125423685,
        "Shape_Area": 0.00005093954
      },
      "geometry": {
        "type": "MultiPolygon",
        "coordinates": [
          [
            [
              [
                -75.15697427999999,
                39.98438726100005
              ],
              [
                -75.15517765799996,
                39.98393810500005
              ],
              [
                -75.15472850199995,
                39.98259063800003
              ],
              [
                -75.15293187999998,
                39.981467749000046
              ],
              [
                -75.15248272399998,
                39.98056943800003
              ],
              [
                -75.15158441299997,
                39.98034486000006
              ],
              [
                -75.15113525799995,
                39.979446549000045
              ],
              [
                -75.15203356899997,
                39.97854823800003
              ],
              [
                -75.15338103599998,
                39.97854823800003
              ],
              [
                -75.15450392499997,
                39.97720077100007
              ],
              [
                -75.15562681399996,
                39.97675161600006
              ],
              [
                -75.15674970199996,
                39.97720077100007
              ],
              [
                -75.15697427999999,
                39.97675161600006
              ],
              [
                -75.15854632499997,
                39.976302460000056
              ],
              [
                -75.16258872499998,
                39.98079401600006
              ],
              [
                -75.16169041399996,
                39.981692327000076
              ],
              [
                -75.15989379199993,
                39.981692327000076
              ],
              [
                -75.15966921399996,
                39.98281521600006
              ],
              [
                -75.15899547999999,
                39.983264372000065
              ],
              [
                -75.15809716899997,
                39.98281521600006
              ],
              [
                -75.15697427999999,
                39.98438726100005
              ]
            ]
          ]
        ]
      }
    },
    {
      "type": "Feature",
      "properties": {
        "FacilityID": 2,
        "Name": "1424 Chestnut Street\nPhiladelphia, PA 19102-2505 : 15 - 20",
        "FromBreak": 15,
        "ToBreak": 20,
        "Shape_Leng": 0.20116734662,
        "Shape_Area": 0.00029439017
      },
      "geometry": {
        "type": "MultiPolygon",
        "coordinates": [
          [
            [
              [
                -75.16258872499998,
                39.96642103700003
              ],
              [
                -75.16169041399996,
                39.96597188100003
              ],
              [
                -75.16146583599993,
                39.965298148000045
              ],
              [
                -75.16034294699995,
                39.965298148000045
              ],
              [
                -75.15989379199993,
                39.96417525900006
              ],
              [
                -75.15854632499997,
                39.96395068100003
              ],
              [
                -75.15719885799996,
                39.96192948100003
              ],
              [
                -75.15540223599999,
                39.96080659200004
              ],
              [
                -75.15517765799996,
                39.959908281000025
              ],
              [
                -75.15293187999998,
                39.95811165900005
              ],
              [
                -75.15203356899997,
                39.956539614000064
              ],
              [
                -75.15091067999998,
                39.95586588100008
              ],
              [
                -75.14888947999998,
                39.95317094700005
              ],
              [
                -75.14821574599995,
                39.952946369000074
              ],
              [
                -75.14799116899997,
                39.951374325000074
              ],
              [
                -75.14754201299996,
                39.951374325000074
              ],
              [
                -75.14641912399998,
                39.949577702000056
              ],
              [
                -75.14552081299996,
                39.94935312500007
              ],
              [
                -75.14507165699996,
                39.94845481400006
              ],
              [
                -75.14552081299996,
                39.94778108000003
              ],
              [
                -75.14686827999998,
                39.947556502000054
              ],
              [
                -75.14709285699996,
                39.94665819100004
              ],
              [
                -75.14799116899997,
                39.945984458000055
              ],
              [
                -75.15068610199995,
                39.94531072400008
              ],
              [
                -75.15113525799995,
                39.94418783500004
              ],
              [
                -75.15293187999998,
                39.94396325800005
              ],
              [
                -75.15383019099994,
                39.94306494600005
              ],
              [
                -75.15585139099994,
                39.942391213000064
              ],
              [
                -75.15607596899997,
                39.94171748000008
              ],
              [
                -75.15877090299995,
                39.940819169000065
              ],
              [
                -75.15899547999999,
                39.940145435000034
              ],
              [
                -75.16011836899997,
                39.940145435000034
              ],
              [
                -75.16034294699995,
                39.93947170200005
              ],
              [
                -75.16169041399996,
                39.939247124000076
              ],
              [
                -75.16258872499998,
                39.93834881300006
              ],
              [
                -75.16326245799996,
                39.938573391000034
              ],
              [
                -75.16393619199994,
                39.93745050200005
              ],
              [
                -75.16460992499998,
                39.937225924000074
              ],
              [
                -75.16528365899995,
                39.93767507900003
              ],
              [
                -75.16528365899995,
                39.937225924000074
              ],
              [
                -75.16685570299995,
                39.93610303500003
              ],
              [
                -75.16752943699998,
                39.93655219000004
              ],
              [
                -75.16887690299995,
                39.93610303500003
              ],
              [
                -75.16977521499996,
                39.937225924000074
              ],
              [
                -75.17134725899996,
                39.93812423500003
              ],
              [
                -75.17202099199994,
                39.93947170200005
              ],
              [
                -75.17314388099999,
                39.93992085700006
              ],
              [
                -75.17359303699999,
                39.940819169000065
              ],
              [
                -75.17494050399995,
                39.94104374600005
              ],
              [
                -75.17561423699993,
                39.942166635000035
              ],
              [
                -75.17628797099997,
                39.942391213000064
              ],
              [
                -75.17651254799995,
                39.94351410200005
              ],
              [
                -75.17763543699994,
                39.943738680000024
              ],
              [
                -75.17808459299994,
                39.94486156900007
              ],
              [
                -75.17920748199998,
                39.94531072400008
              ],
              [
                -75.17943205999995,
                39.94620903600003
              ],
              [
                -75.17988121499997,
                39.94620903600003
              ],
              [
                -75.18100410399995,
                39.948005658000056
              ],
              [
                -75.18235157099997,
                39.94912854700004
              ],
              [
                -75.18257614899994,
                39.95070059100004
              ],
              [
                -75.18392361599996,
                39.951149747000045
              ],
              [
                -75.18392361599996,
                39.95227263600003
              ],
              [
                -75.18459734899994,
                39.95249721400006
              ],
              [
                -75.18527108199999,
                39.95362010300005
              ],
              [
                -75.18437277099997,
                39.95451841400006
              ],
              [
                -75.18280072699997,
                39.95429383600003
              ],
              [
                -75.18280072699997,
                39.95519214700005
              ],
              [
                -75.18077952599998,
                39.956539614000064
              ],
              [
                -75.17943205999995,
                39.956539614000064
              ],
              [
                -75.17853374799995,
                39.95878539200004
              ],
              [
                -75.17741085999995,
                39.95968370300005
              ],
              [
                -75.17628797099997,
                39.959908281000025
              ],
              [
                -75.17673712599998,
                39.96148032600007
              ],
              [
                -75.17606339299994,
                39.96237863700003
              ],
              [
                -75.17426676999997,
                39.96237863700003
              ],
              [
                -75.17336845899996,
                39.96305237000007
              ],
              [
                -75.17224556999997,
                39.96237863700003
              ],
              [
                -75.17202099199994,
                39.96327694800004
              ],
              [
                -75.17134725899996,
                39.963726103000056
              ],
              [
                -75.17044894799994,
                39.96327694800004
              ],
              [
                -75.16999979199994,
                39.96417525900006
              ],
              [
                -75.16820316999997,
                39.96439983700003
              ],
              [
                -75.16775401399997,
                39.96484899200004
              ],
              [
                -75.16505908099998,
                39.96462441500006
              ],
              [
                -75.16438534699995,
                39.965298148000045
              ],
              [
                -75.16371161399996,
                39.96507357000007
              ],
              [
                -75.16258872499998,
                39.96642103700003
              ]
            ],
            [
              [
                -75.16797859199994,
                39.93969628000008
              ],
              [
                -75.16550823599994,
                39.93992085700006
              ],
              [
                -75.16528365899995,
                39.940594591000036
              ],
              [
                -75.16303788099998,
                39.94126832400008
              ],
              [
                -75.16258872499998,
                39.942166635000035
              ],
              [
                -75.16169041399996,
                39.942166635000035
              ],
              [
                -75.16079210299995,
                39.94306494600005
              ],
              [
                -75.15944463599999,
                39.94328952400008
              ],
              [
                -75.15899547999999,
                39.94418783500004
              ],
              [
                -75.15742343599999,
                39.944412413000066
              ],
              [
                -75.15697427999999,
                39.94531072400008
              ],
              [
                -75.15607596899997,
                39.94531072400008
              ],
              [
                -75.15383019099994,
                39.94643361300007
              ],
              [
                -75.15180899099994,
                39.94823023600003
              ],
              [
                -75.15068610199995,
                39.94823023600003
              ],
              [
                -75.14978779099994,
                39.94912854700004
              ],
              [
                -75.15203356899997,
                39.95182348000003
              ],
              [
                -75.15248272399998,
                39.95182348000003
              ],
              [
                -75.15248272399998,
                39.952721792000034
              ],
              [
                -75.15338103599998,
                39.95317094700005
              ],
              [
                -75.15360561299997,
                39.95384468100008
              ],
              [
                -75.15450392499997,
                39.95406925800006
              ],
              [
                -75.15450392499997,
                39.954967570000065
              ],
              [
                -75.15585139099994,
                39.95564130300005
              ],
              [
                -75.15607596899997,
                39.95676419200004
              ],
              [
                -75.15809716899997,
                39.95900997000007
              ],
              [
                -75.15989379199993,
                39.96035743700003
              ],
              [
                -75.16034294699995,
                39.960132859000055
              ],
              [
                -75.16124125799996,
                39.961704903000054
              ],
              [
                -75.16258872499998,
                39.961704903000054
              ],
              [
                -75.16281330299995,
                39.96237863700003
              ],
              [
                -75.16348703599994,
                39.96260321500006
              ],
              [
                -75.16595739199994,
                39.96103117000007
              ],
              [
                -75.16820316999997,
                39.96125574800004
              ],
              [
                -75.16932605899996,
                39.96035743700003
              ],
              [
                -75.17022436999997,
                39.96080659200004
              ],
              [
                -75.17134725899996,
                39.959908281000025
              ],
              [
                -75.17247014799995,
                39.959908281000025
              ],
              [
                -75.17314388099999,
                39.95900997000007
              ],
              [
                -75.17291930399995,
                39.958560814000066
              ],
              [
                -75.17449134799995,
                39.95721334700005
              ],
              [
                -75.17449134799995,
                39.956315036000035
              ],
              [
                -75.17538965899996,
                39.95609045800006
              ],
              [
                -75.17583881499996,
                39.95541672500008
              ],
              [
                -75.17673712599998,
                39.95564130300005
              ],
              [
                -75.17808459299994,
                39.954967570000065
              ],
              [
                -75.17875832599998,
                39.95384468100008
              ],
              [
                -75.17965663699994,
                39.95362010300005
              ],
              [
                -75.18010579299994,
                39.952946369000074
              ],
              [
                -75.17830917099997,
                39.95025143600003
              ],
              [
                -75.17830917099997,
                39.94935312500007
              ],
              [
                -75.17718628199998,
                39.94867939100004
              ],
              [
                -75.17673712599998,
                39.947556502000054
              ],
              [
                -75.17583881499996,
                39.94733192500007
              ],
              [
                -75.17538965899996,
                39.945984458000055
              ],
              [
                -75.17426676999997,
                39.94531072400008
              ],
              [
                -75.17404219299993,
                39.94463699100004
              ],
              [
                -75.17269472599997,
                39.944412413000066
              ],
              [
                -75.17247014799995,
                39.943738680000024
              ],
              [
                -75.17157183699999,
                39.94351410200005
              ],
              [
                -75.17134725899996,
                39.942391213000064
              ],
              [
                -75.17067352599997,
                39.94194205700006
              ],
              [
                -75.17022436999997,
                39.942166635000035
              ],
              [
                -75.17022436999997,
                39.94171748000008
              ],
              [
                -75.16797859199994,
                39.93969628000008
              ]
            ]
          ]
        ]
      }
    },
    {
      "type": "Feature",
      "properties": {
        "FacilityID": 2,
        "Name": "1424 Chestnut Street\nPhiladelphia, PA 19102-2505 : 10 - 15",
        "FromBreak": 10,
        "ToBreak": 15,
        "Shape_Leng": 0.1415503265,
        "Shape_Area": 0.00021462694
      },
      "geometry": {
        "type": "MultiPolygon",
        "coordinates": [
          [
            [
              [
                -75.16348703599994,
                39.96260321500006
              ],
              [
                -75.16281330299995,
                39.96237863700003
              ],
              [
                -75.16258872499998,
                39.961704903000054
              ],
              [
                -75.16124125799996,
                39.961704903000054
              ],
              [
                -75.16034294699995,
                39.960132859000055
              ],
              [
                -75.15989379199993,
                39.96035743700003
              ],
              [
                -75.15809716899997,
                39.95900997000007
              ],
              [
                -75.15607596899997,
                39.95676419200004
              ],
              [
                -75.15585139099994,
                39.95564130300005
              ],
              [
                -75.15450392499997,
                39.954967570000065
              ],
              [
                -75.15450392499997,
                39.95406925800006
              ],
              [
                -75.15360561299997,
                39.95384468100008
              ],
              [
                -75.15338103599998,
                39.95317094700005
              ],
              [
                -75.15248272399998,
                39.952721792000034
              ],
              [
                -75.15248272399998,
                39.95182348000003
              ],
              [
                -75.15203356899997,
                39.95182348000003
              ],
              [
                -75.14978779099994,
                39.94912854700004
              ],
              [
                -75.15068610199995,
                39.94823023600003
              ],
              [
                -75.15180899099994,
                39.94823023600003
              ],
              [
                -75.15383019099994,
                39.94643361300007
              ],
              [
                -75.15607596899997,
                39.94531072400008
              ],
              [
                -75.15697427999999,
                39.94531072400008
              ],
              [
                -75.15742343599999,
                39.944412413000066
              ],
              [
                -75.15899547999999,
                39.94418783500004
              ],
              [
                -75.15944463599999,
                39.94328952400008
              ],
              [
                -75.16079210299995,
                39.94306494600005
              ],
              [
                -75.16169041399996,
                39.942166635000035
              ],
              [
                -75.16258872499998,
                39.942166635000035
              ],
              [
                -75.16303788099998,
                39.94126832400008
              ],
              [
                -75.16528365899995,
                39.940594591000036
              ],
              [
                -75.16550823599994,
                39.93992085700006
              ],
              [
                -75.16797859199994,
                39.93969628000008
              ],
              [
                -75.17022436999997,
                39.94171748000008
              ],
              [
                -75.17022436999997,
                39.942166635000035
              ],
              [
                -75.17067352599997,
                39.94194205700006
              ],
              [
                -75.17134725899996,
                39.942391213000064
              ],
              [
                -75.17157183699999,
                39.94351410200005
              ],
              [
                -75.17247014799995,
                39.943738680000024
              ],
              [
                -75.17269472599997,
                39.944412413000066
              ],
              [
                -75.17404219299993,
                39.94463699100004
              ],
              [
                -75.17426676999997,
                39.94531072400008
              ],
              [
                -75.17538965899996,
                39.945984458000055
              ],
              [
                -75.17583881499996,
                39.94733192500007
              ],
              [
                -75.17673712599998,
                39.947556502000054
              ],
              [
                -75.17718628199998,
                39.94867939100004
              ],
              [
                -75.17830917099997,
                39.94935312500007
              ],
              [
                -75.17830917099997,
                39.95025143600003
              ],
              [
                -75.18010579299994,
                39.952946369000074
              ],
              [
                -75.17965663699994,
                39.95362010300005
              ],
              [
                -75.17875832599998,
                39.95384468100008
              ],
              [
                -75.17808459299994,
                39.954967570000065
              ],
              [
                -75.17673712599998,
                39.95564130300005
              ],
              [
                -75.17583881499996,
                39.95541672500008
              ],
              [
                -75.17538965899996,
                39.95609045800006
              ],
              [
                -75.17449134799995,
                39.956315036000035
              ],
              [
                -75.17449134799995,
                39.95721334700005
              ],
              [
                -75.17291930399995,
                39.958560814000066
              ],
              [
                -75.17314388099999,
                39.95900997000007
              ],
              [
                -75.17247014799995,
                39.959908281000025
              ],
              [
                -75.17134725899996,
                39.959908281000025
              ],
              [
                -75.17022436999997,
                39.96080659200004
              ],
              [
                -75.16932605899996,
                39.96035743700003
              ],
              [
                -75.16820316999997,
                39.96125574800004
              ],
              [
                -75.16595739199994,
                39.96103117000007
              ],
              [
                -75.16348703599994,
                39.96260321500006
              ]
            ],
            [
              [
                -75.16730485899996,
                39.94306494600005
              ],
              [
                -75.16618196999997,
                39.943738680000024
              ],
              [
                -75.16505908099998,
                39.94351410200005
              ],
              [
                -75.16303788099998,
                39.94508614700004
              ],
              [
                -75.16034294699995,
                39.94643361300007
              ],
              [
                -75.15944463599999,
                39.94643361300007
              ],
              [
                -75.15899547999999,
                39.94733192500007
              ],
              [
                -75.15787259099994,
                39.94733192500007
              ],
              [
                -75.15764801399996,
                39.948005658000056
              ],
              [
                -75.15674970199996,
                39.948005658000056
              ],
              [
                -75.15495307999998,
                39.949577702000056
              ],
              [
                -75.15517765799996,
                39.95047601400006
              ],
              [
                -75.15607596899997,
                39.951149747000045
              ],
              [
                -75.15607596899997,
                39.95204805800006
              ],
              [
                -75.15719885799996,
                39.95249721400006
              ],
              [
                -75.15764801399996,
                39.95362010300005
              ],
              [
                -75.15854632499997,
                39.95384468100008
              ],
              [
                -75.15877090299995,
                39.95451841400006
              ],
              [
                -75.15966921399996,
                39.954967570000065
              ],
              [
                -75.15989379199993,
                39.95609045800006
              ],
              [
                -75.16146583599993,
                39.95743792500008
              ],
              [
                -75.16303788099998,
                39.95766250300005
              ],
              [
                -75.16326245799996,
                39.958560814000066
              ],
              [
                -75.16416076999997,
                39.95900997000007
              ],
              [
                -75.16663112499998,
                39.95743792500008
              ],
              [
                -75.16775401399997,
                39.95788708100008
              ],
              [
                -75.16910148099998,
                39.95721334700005
              ],
              [
                -75.17044894799994,
                39.95541672500008
              ],
              [
                -75.17381761499996,
                39.95362010300005
              ],
              [
                -75.17516508199998,
                39.95182348000003
              ],
              [
                -75.17449134799995,
                39.95047601400006
              ],
              [
                -75.17381761499996,
                39.95025143600003
              ],
              [
                -75.17336845899996,
                39.94867939100004
              ],
              [
                -75.17112268099999,
                39.94733192500007
              ],
              [
                -75.17067352599997,
                39.94620903600003
              ],
              [
                -75.16730485899996,
                39.94306494600005
              ]
            ]
          ]
        ]
      }
    },
    {
      "type": "Feature",
      "properties": {
        "FacilityID": 2,
        "Name": "1424 Chestnut Street\nPhiladelphia, PA 19102-2505 : 5 - 10",
        "FromBreak": 5,
        "ToBreak": 10,
        "Shape_Leng": 0.08543036,
        "Shape_Area": 0.00013234192
      },
      "geometry": {
        "type": "MultiPolygon",
        "coordinates": [
          [
            [
              [
                -75.16416076999997,
                39.95900997000007
              ],
              [
                -75.16326245799996,
                39.958560814000066
              ],
              [
                -75.16303788099998,
                39.95766250300005
              ],
              [
                -75.16146583599993,
                39.95743792500008
              ],
              [
                -75.15989379199993,
                39.95609045800006
              ],
              [
                -75.15966921399996,
                39.954967570000065
              ],
              [
                -75.15877090299995,
                39.95451841400006
              ],
              [
                -75.15854632499997,
                39.95384468100008
              ],
              [
                -75.15764801399996,
                39.95362010300005
              ],
              [
                -75.15719885799996,
                39.95249721400006
              ],
              [
                -75.15607596899997,
                39.95204805800006
              ],
              [
                -75.15607596899997,
                39.951149747000045
              ],
              [
                -75.15517765799996,
                39.95047601400006
              ],
              [
                -75.15495307999998,
                39.949577702000056
              ],
              [
                -75.15674970199996,
                39.948005658000056
              ],
              [
                -75.15764801399996,
                39.948005658000056
              ],
              [
                -75.15787259099994,
                39.94733192500007
              ],
              [
                -75.15899547999999,
                39.94733192500007
              ],
              [
                -75.15944463599999,
                39.94643361300007
              ],
              [
                -75.16034294699995,
                39.94643361300007
              ],
              [
                -75.16303788099998,
                39.94508614700004
              ],
              [
                -75.16505908099998,
                39.94351410200005
              ],
              [
                -75.16618196999997,
                39.943738680000024
              ],
              [
                -75.16730485899996,
                39.94306494600005
              ],
              [
                -75.17067352599997,
                39.94620903600003
              ],
              [
                -75.17112268099999,
                39.94733192500007
              ],
              [
                -75.17336845899996,
                39.94867939100004
              ],
              [
                -75.17381761499996,
                39.95025143600003
              ],
              [
                -75.17449134799995,
                39.95047601400006
              ],
              [
                -75.17516508199998,
                39.95182348000003
              ],
              [
                -75.17381761499996,
                39.95362010300005
              ],
              [
                -75.17044894799994,
                39.95541672500008
              ],
              [
                -75.16910148099998,
                39.95721334700005
              ],
              [
                -75.16775401399997,
                39.95788708100008
              ],
              [
                -75.16663112499998,
                39.95743792500008
              ],
              [
                -75.16416076999997,
                39.95900997000007
              ]
            ],
            [
              [
                -75.16640654799994,
                39.94688276900007
              ],
              [
                -75.16550823599994,
                39.947556502000054
              ],
              [
                -75.16438534699995,
                39.94710734700004
              ],
              [
                -75.16371161399996,
                39.94778108000003
              ],
              [
                -75.16303788099998,
                39.94778108000003
              ],
              [
                -75.16236414699995,
                39.94867939100004
              ],
              [
                -75.16011836899997,
                39.949577702000056
              ],
              [
                -75.15966921399996,
                39.95025143600003
              ],
              [
                -75.16146583599993,
                39.95317094700005
              ],
              [
                -75.16281330299995,
                39.953395525000076
              ],
              [
                -75.16326245799996,
                39.95429383600003
              ],
              [
                -75.16505908099998,
                39.95541672500008
              ],
              [
                -75.16730485899996,
                39.95406925800006
              ],
              [
                -75.16797859199994,
                39.95317094700005
              ],
              [
                -75.16910148099998,
                39.95317094700005
              ],
              [
                -75.17022436999997,
                39.95182348000003
              ],
              [
                -75.16977521499996,
                39.95025143600003
              ],
              [
                -75.16887690299995,
                39.94980228000003
              ],
              [
                -75.16842774799994,
                39.94867939100004
              ],
              [
                -75.16640654799994,
                39.94688276900007
              ]
            ]
          ]
        ]
      }
    },
    {
      "type": "Feature",
      "properties": {
        "FacilityID": 2,
        "Name": "1424 Chestnut Street\nPhiladelphia, PA 19102-2505 : 0 - 5",
        "FromBreak": 0,
        "ToBreak": 5,
        "Shape_Leng": 0.02939904323,
        "Shape_Area": 0.00005363782
      },
      "geometry": {
        "type": "MultiPolygon",
        "coordinates": [
          [
            [
              [
                -75.16505908099998,
                39.95541672500008
              ],
              [
                -75.16326245799996,
                39.95429383600003
              ],
              [
                -75.16281330299995,
                39.953395525000076
              ],
              [
                -75.16146583599993,
                39.95317094700005
              ],
              [
                -75.15966921399996,
                39.95025143600003
              ],
              [
                -75.16011836899997,
                39.949577702000056
              ],
              [
                -75.16236414699995,
                39.94867939100004
              ],
              [
                -75.16303788099998,
                39.94778108000003
              ],
              [
                -75.16371161399996,
                39.94778108000003
              ],
              [
                -75.16438534699995,
                39.94710734700004
              ],
              [
                -75.16550823599994,
                39.947556502000054
              ],
              [
                -75.16640654799994,
                39.94688276900007
              ],
              [
                -75.16842774799994,
                39.94867939100004
              ],
              [
                -75.16887690299995,
                39.94980228000003
              ],
              [
                -75.16977521499996,
                39.95025143600003
              ],
              [
                -75.17022436999997,
                39.95182348000003
              ],
              [
                -75.16910148099998,
                39.95317094700005
              ],
              [
                -75.16797859199994,
                39.95317094700005
              ],
              [
                -75.16730485899996,
                39.95406925800006
              ],
              [
                -75.16505908099998,
                39.95541672500008
              ]
            ]
          ]
        ]
      }
    },
    {
      "type": "Feature",
      "properties": {
        "FacilityID": 17,
        "Name": "1513 Race Street\nPhiladelphia, PA 19102 : 15 - 20",
        "FromBreak": 15,
        "ToBreak": 20,
        "Shape_Leng": 0.19512068493,
        "Shape_Area": 0.00027454394
      },
      "geometry": {
        "type": "MultiPolygon",
        "coordinates": [
          [
            [
              [
                -75.16303788099998,
                39.97226006000005
              ],
              [
                -75.16213956999997,
                39.97158632600008
              ],
              [
                -75.16124125799996,
                39.97203548200008
              ],
              [
                -75.15989379199993,
                39.971137171000066
              ],
              [
                -75.15787259099994,
                39.96844223700003
              ],
              [
                -75.15719885799996,
                39.96821765900006
              ],
              [
                -75.15585139099994,
                39.96574730400005
              ],
              [
                -75.15315645799996,
                39.96417525900006
              ],
              [
                -75.15270730199995,
                39.96327694800004
              ],
              [
                -75.15091067999998,
                39.96192948100003
              ],
              [
                -75.15068610199995,
                39.96103117000007
              ],
              [
                -75.14933863499994,
                39.960132859000055
              ],
              [
                -75.14911405699996,
                39.95923454800004
              ],
              [
                -75.14866490199995,
                39.95945912500008
              ],
              [
                -75.14754201299996,
                39.958560814000066
              ],
              [
                -75.14731743499993,
                39.95788708100008
              ],
              [
                -75.14799116899997,
                39.95721334700005
              ],
              [
                -75.14821574599995,
                39.95586588100008
              ],
              [
                -75.14709285699996,
                39.95586588100008
              ],
              [
                -75.14641912399998,
                39.95429383600003
              ],
              [
                -75.14731743499993,
                39.95362010300005
              ],
              [
                -75.14776659099994,
                39.95249721400006
              ],
              [
                -75.14866490199995,
                39.95249721400006
              ],
              [
                -75.14933863499994,
                39.95159890300005
              ],
              [
                -75.15046152399998,
                39.95182348000003
              ],
              [
                -75.15046152399998,
                39.951374325000074
              ],
              [
                -75.15180899099994,
                39.95092516900007
              ],
              [
                -75.15315645799996,
                39.94912854700004
              ],
              [
                -75.15450392499997,
                39.94912854700004
              ],
              [
                -75.15495307999998,
                39.94823023600003
              ],
              [
                -75.15922005799996,
                39.94620903600003
              ],
              [
                -75.15966921399996,
                39.94553530200005
              ],
              [
                -75.16056752499998,
                39.94553530200005
              ],
              [
                -75.16146583599993,
                39.94463699100004
              ],
              [
                -75.16460992499998,
                39.94351410200005
              ],
              [
                -75.16483450299995,
                39.942840369000066
              ],
              [
                -75.16595739199994,
                39.942840369000066
              ],
              [
                -75.16708028099998,
                39.94194205700006
              ],
              [
                -75.16820316999997,
                39.94261579100004
              ],
              [
                -75.16955063699999,
                39.942166635000035
              ],
              [
                -75.17247014799995,
                39.945759880000026
              ],
              [
                -75.17314388099999,
                39.94553530200005
              ],
              [
                -75.17381761499996,
                39.945984458000055
              ],
              [
                -75.17404219299993,
                39.94688276900007
              ],
              [
                -75.17449134799995,
                39.94665819100004
              ],
              [
                -75.17516508199998,
                39.94710734700004
              ],
              [
                -75.17583881499996,
                39.94867939100004
              ],
              [
                -75.17673712599998,
                39.94912854700004
              ],
              [
                -75.17673712599998,
                39.95002685800006
              ],
              [
                -75.17718628199998,
                39.95002685800006
              ],
              [
                -75.17808459299994,
                39.95159890300005
              ],
              [
                -75.17988121499997,
                39.952946369000074
              ],
              [
                -75.18055494899994,
                39.95429383600003
              ],
              [
                -75.18167783799998,
                39.954967570000065
              ],
              [
                -75.18190241499997,
                39.95564130300005
              ],
              [
                -75.18122868199998,
                39.956539614000064
              ],
              [
                -75.17965663699994,
                39.95676419200004
              ],
              [
                -75.17965663699994,
                39.95833623600004
              ],
              [
                -75.17965663699994,
                39.958560814000066
              ],
              [
                -75.18055494899994,
                39.96035743700003
              ],
              [
                -75.18055494899994,
                39.96125574800004
              ],
              [
                -75.17988121499997,
                39.962154059000056
              ],
              [
                -75.18122868199998,
                39.962154059000056
              ],
              [
                -75.18167783799998,
                39.963726103000056
              ],
              [
                -75.17875832599998,
                39.96664561500006
              ],
              [
                -75.17718628199998,
                39.966870193000034
              ],
              [
                -75.17628797099997,
                39.96619645900006
              ],
              [
                -75.17494050399995,
                39.96664561500006
              ],
              [
                -75.17404219299993,
                39.96776850400005
              ],
              [
                -75.17291930399995,
                39.967319348000046
              ],
              [
                -75.17269472599997,
                39.96799308200008
              ],
              [
                -75.17022436999997,
                39.96866681500006
              ],
              [
                -75.16955063699999,
                39.96978970400005
              ],
              [
                -75.16775401399997,
                39.96978970400005
              ],
              [
                -75.16460992499998,
                39.97181090400005
              ],
              [
                -75.16371161399996,
                39.97136174800005
              ],
              [
                -75.16303788099998,
                39.97226006000005
              ]
            ],
            [
              [
                -75.17898290399995,
                39.956539614000064
              ],
              [
                -75.17763543699994,
                39.95609045900005
              ],
              [
                -75.17718628199998,
                39.954742992000035
              ],
              [
                -75.17606339299994,
                39.95451841400006
              ],
              [
                -75.17561423699993,
                39.95317094700005
              ],
              [
                -75.17426676999997,
                39.95249721400006
              ],
              [
                -75.17404219299993,
                39.951374325000074
              ],
              [
                -75.17291930399995,
                39.95070059100004
              ],
              [
                -75.17224556999997,
                39.94912854700004
              ],
              [
                -75.17112268099999,
                39.94867939100004
              ],
              [
                -75.16999979199994,
                39.94710734700004
              ],
              [
                -75.16910148099998,
                39.94688276900007
              ],
              [
                -75.16932605899996,
                39.94643361300007
              ],
              [
                -75.16842774799994,
                39.94553530200005
              ],
              [
                -75.16708028099998,
                39.945984458000055
              ],
              [
                -75.16640654799994,
                39.94553530200005
              ],
              [
                -75.16326245799996,
                39.94688276900007
              ],
              [
                -75.16258872499998,
                39.94778108000003
              ],
              [
                -75.16169041399996,
                39.94778108000003
              ],
              [
                -75.16146583599993,
                39.94845481400006
              ],
              [
                -75.15989379199993,
                39.94890396900007
              ],
              [
                -75.15944463599999,
                39.94980228000003
              ],
              [
                -75.15832174699995,
                39.949577702000056
              ],
              [
                -75.15742343599999,
                39.95047601400006
              ],
              [
                -75.15630054699994,
                39.95070059100004
              ],
              [
                -75.15585139099994,
                39.95182348000003
              ],
              [
                -75.15338103599998,
                39.952721792000034
              ],
              [
                -75.15068610199995,
                39.954742992000035
              ],
              [
                -75.15135983499994,
                39.95788708100008
              ],
              [
                -75.15383019099994,
                39.95945912500008
              ],
              [
                -75.15427934699994,
                39.96035743700003
              ],
              [
                -75.15540223599999,
                39.96058201400007
              ],
              [
                -75.15540223599999,
                39.961704903000054
              ],
              [
                -75.15764801399996,
                39.96350152600007
              ],
              [
                -75.15787259099994,
                39.96439983700003
              ],
              [
                -75.16101668099998,
                39.967094770000074
              ],
              [
                -75.16146583599993,
                39.96799308200008
              ],
              [
                -75.16213956999997,
                39.96821765900006
              ],
              [
                -75.16281330299995,
                39.96776850400005
              ],
              [
                -75.16371161399996,
                39.96844223700003
              ],
              [
                -75.16460992499998,
                39.967319348000046
              ],
              [
                -75.16663112499998,
                39.966870193000034
              ],
              [
                -75.16730485899996,
                39.967319348000046
              ],
              [
                -75.16797859199994,
                39.96642103700003
              ],
              [
                -75.16910148099998,
                39.96642103700003
              ],
              [
                -75.16999979199994,
                39.965522726000074
              ],
              [
                -75.17134725899996,
                39.965522726000074
              ],
              [
                -75.17157183699999,
                39.96484899200004
              ],
              [
                -75.17269472599997,
                39.96417525900006
              ],
              [
                -75.17538965899996,
                39.963726103000056
              ],
              [
                -75.17696170399995,
                39.96192948100003
              ],
              [
                -75.17673712599998,
                39.96148032600007
              ],
              [
                -75.17741085899996,
                39.95968370300005
              ],
              [
                -75.17898290399995,
                39.95923454800004
              ],
              [
                -75.17965663699994,
                39.95833623600004
              ],
              [
                -75.17898290399995,
                39.956539614000064
              ]
            ]
          ]
        ]
      }
    },
    {
      "type": "Feature",
      "properties": {
        "FacilityID": 17,
        "Name": "1513 Race Street\nPhiladelphia, PA 19102 : 10 - 15",
        "FromBreak": 10,
        "ToBreak": 15,
        "Shape_Leng": 0.1375381266,
        "Shape_Area": 0.00021245821
      },
      "geometry": {
        "type": "MultiPolygon",
        "coordinates": [
          [
            [
              [
                -75.16371161399996,
                39.96844223700003
              ],
              [
                -75.16281330299995,
                39.96776850400005
              ],
              [
                -75.16213956999997,
                39.96821765900006
              ],
              [
                -75.16146583599993,
                39.96799308200008
              ],
              [
                -75.16101668099998,
                39.967094770000074
              ],
              [
                -75.15787259099994,
                39.96439983700003
              ],
              [
                -75.15764801399996,
                39.96350152600007
              ],
              [
                -75.15540223599999,
                39.961704903000054
              ],
              [
                -75.15540223599999,
                39.96058201400007
              ],
              [
                -75.15427934699994,
                39.96035743700003
              ],
              [
                -75.15383019099994,
                39.95945912500008
              ],
              [
                -75.15135983499994,
                39.95788708100008
              ],
              [
                -75.15068610199995,
                39.954742992000035
              ],
              [
                -75.15338103599998,
                39.952721792000034
              ],
              [
                -75.15585139099994,
                39.95182348000003
              ],
              [
                -75.15630054699994,
                39.95070059100004
              ],
              [
                -75.15742343599999,
                39.95047601400006
              ],
              [
                -75.15832174699995,
                39.949577702000056
              ],
              [
                -75.15944463599999,
                39.94980228000003
              ],
              [
                -75.15989379199993,
                39.94890396900007
              ],
              [
                -75.16146583599993,
                39.94845481400006
              ],
              [
                -75.16169041399996,
                39.94778108000003
              ],
              [
                -75.16258872499998,
                39.94778108000003
              ],
              [
                -75.16326245799996,
                39.94688276900007
              ],
              [
                -75.16640654799994,
                39.94553530200005
              ],
              [
                -75.16708028099998,
                39.945984458000055
              ],
              [
                -75.16842774799994,
                39.94553530200005
              ],
              [
                -75.16932605899996,
                39.94643361300007
              ],
              [
                -75.16910148099998,
                39.94688276900007
              ],
              [
                -75.16999979199994,
                39.94710734700004
              ],
              [
                -75.17112268099999,
                39.94867939100004
              ],
              [
                -75.17224556999997,
                39.94912854700004
              ],
              [
                -75.17291930399995,
                39.95070059100004
              ],
              [
                -75.17404219299993,
                39.951374325000074
              ],
              [
                -75.17426676999997,
                39.95249721400006
              ],
              [
                -75.17561423699993,
                39.95317094700005
              ],
              [
                -75.17606339299994,
                39.95451841400006
              ],
              [
                -75.17718628199998,
                39.954742992000035
              ],
              [
                -75.17763543699994,
                39.95609045900005
              ],
              [
                -75.17898290399995,
                39.956539614000064
              ],
              [
                -75.17965663699994,
                39.95833623600004
              ],
              [
                -75.17898290399995,
                39.95923454800004
              ],
              [
                -75.17741085899996,
                39.95968370300005
              ],
              [
                -75.17673712599998,
                39.96148032600007
              ],
              [
                -75.17696170399995,
                39.96192948100003
              ],
              [
                -75.17538965899996,
                39.963726103000056
              ],
              [
                -75.17269472599997,
                39.96417525900006
              ],
              [
                -75.17157183699999,
                39.96484899200004
              ],
              [
                -75.17134725899996,
                39.965522726000074
              ],
              [
                -75.16999979199994,
                39.965522726000074
              ],
              [
                -75.16910148099998,
                39.96642103700003
              ],
              [
                -75.16797859199994,
                39.96642103700003
              ],
              [
                -75.16730485899996,
                39.967319348000046
              ],
              [
                -75.16663112499998,
                39.966870193000034
              ],
              [
                -75.16460992499998,
                39.967319348000046
              ],
              [
                -75.16371161399996,
                39.96844223700003
              ]
            ],
            [
              [
                -75.16595739199994,
                39.94935312500007
              ],
              [
                -75.16483450299995,
                39.95025143600003
              ],
              [
                -75.16371161399996,
                39.95002685800006
              ],
              [
                -75.16213956999997,
                39.95092516900007
              ],
              [
                -75.16011836899997,
                39.95227263600003
              ],
              [
                -75.15989379199993,
                39.952946369000074
              ],
              [
                -75.15877090299995,
                39.95317094700005
              ],
              [
                -75.15854632499997,
                39.95384468100008
              ],
              [
                -75.15719885799996,
                39.95384468100008
              ],
              [
                -75.15585139099994,
                39.95541672500008
              ],
              [
                -75.15630054699994,
                39.95788708100008
              ],
              [
                -75.15877090299995,
                39.959908281000025
              ],
              [
                -75.15877090299995,
                39.96080659200004
              ],
              [
                -75.15989379199993,
                39.96125574800004
              ],
              [
                -75.16191499199994,
                39.96395068100003
              ],
              [
                -75.16303788099998,
                39.96439983700003
              ],
              [
                -75.16371161399996,
                39.96395068100003
              ],
              [
                -75.16460992499998,
                39.96462441500006
              ],
              [
                -75.16528365899995,
                39.96395068100003
              ],
              [
                -75.16640654799994,
                39.96395068100003
              ],
              [
                -75.16685570299995,
                39.96305237000007
              ],
              [
                -75.16820316999997,
                39.96350152600007
              ],
              [
                -75.17022436999997,
                39.96282779200004
              ],
              [
                -75.17112268099999,
                39.96125574800004
              ],
              [
                -75.17381761499996,
                39.959908281000025
              ],
              [
                -75.17381761499996,
                39.95833623600004
              ],
              [
                -75.17471592599998,
                39.95766250300005
              ],
              [
                -75.17404219299993,
                39.95609045800006
              ],
              [
                -75.17179641499996,
                39.95429383600003
              ],
              [
                -75.17157183699999,
                39.953395525000076
              ],
              [
                -75.16842774799994,
                39.95070059100004
              ],
              [
                -75.16797859199994,
                39.94980228000003
              ],
              [
                -75.16730485899996,
                39.949577702000056
              ],
              [
                -75.16663112499998,
                39.95002685800006
              ],
              [
                -75.16595739199994,
                39.94935312500007
              ]
            ]
          ]
        ]
      }
    },
    {
      "type": "Feature",
      "properties": {
        "FacilityID": 17,
        "Name": "1513 Race Street\nPhiladelphia, PA 19102 : 5 - 10",
        "FromBreak": 5,
        "ToBreak": 10,
        "Shape_Leng": 0.08382377848,
        "Shape_Area": 0.00012772711
      },
      "geometry": {
        "type": "MultiPolygon",
        "coordinates": [
          [
            [
              [
                -75.16460992499998,
                39.96462441500006
              ],
              [
                -75.16371161399996,
                39.96395068100003
              ],
              [
                -75.16303788099998,
                39.96439983700003
              ],
              [
                -75.16191499199994,
                39.96395068100003
              ],
              [
                -75.15989379199993,
                39.96125574800004
              ],
              [
                -75.15877090299995,
                39.96080659200004
              ],
              [
                -75.15877090299995,
                39.959908281000025
              ],
              [
                -75.15630054699994,
                39.95788708100008
              ],
              [
                -75.15585139099994,
                39.95541672500008
              ],
              [
                -75.15719885799996,
                39.95384468100008
              ],
              [
                -75.15854632499997,
                39.95384468100008
              ],
              [
                -75.15877090299995,
                39.95317094700005
              ],
              [
                -75.15989379199993,
                39.952946369000074
              ],
              [
                -75.16011836899997,
                39.95227263600003
              ],
              [
                -75.16213956999997,
                39.95092516900007
              ],
              [
                -75.16371161399996,
                39.95002685800006
              ],
              [
                -75.16483450299995,
                39.95025143600003
              ],
              [
                -75.16595739199994,
                39.94935312500007
              ],
              [
                -75.16663112499998,
                39.95002685800006
              ],
              [
                -75.16730485899996,
                39.949577702000056
              ],
              [
                -75.16797859199994,
                39.94980228000003
              ],
              [
                -75.16842774799994,
                39.95070059100004
              ],
              [
                -75.17157183699999,
                39.953395525000076
              ],
              [
                -75.17179641499996,
                39.95429383600003
              ],
              [
                -75.17404219299993,
                39.95609045800006
              ],
              [
                -75.17471592599998,
                39.95766250300005
              ],
              [
                -75.17381761499996,
                39.95833623600004
              ],
              [
                -75.17381761499996,
                39.959908281000025
              ],
              [
                -75.17112268099999,
                39.96125574800004
              ],
              [
                -75.17022436999997,
                39.96282779200004
              ],
              [
                -75.16820316999997,
                39.96350152600007
              ],
              [
                -75.16685570299995,
                39.96305237000007
              ],
              [
                -75.16640654799994,
                39.96395068100003
              ],
              [
                -75.16528365899995,
                39.96395068100003
              ],
              [
                -75.16460992499998,
                39.96462441500006
              ]
            ],
            [
              [
                -75.16663112499998,
                39.952946369000074
              ],
              [
                -75.16393619199994,
                39.953395525000076
              ],
              [
                -75.16326245799996,
                39.95429383600003
              ],
              [
                -75.16213956999997,
                39.954742992000035
              ],
              [
                -75.16213956999997,
                39.95519214700005
              ],
              [
                -75.16101668099998,
                39.954967570000065
              ],
              [
                -75.16011836899997,
                39.95586588100008
              ],
              [
                -75.16101668099998,
                39.956988770000066
              ],
              [
                -75.16079210299995,
                39.95766250300005
              ],
              [
                -75.16146583599993,
                39.95923454800004
              ],
              [
                -75.16371161399996,
                39.96103117000007
              ],
              [
                -75.16483450299995,
                39.96058201400007
              ],
              [
                -75.16550823599994,
                39.96103117000007
              ],
              [
                -75.16708028099998,
                39.960132859000055
              ],
              [
                -75.16730485899996,
                39.95945912500008
              ],
              [
                -75.16932605899996,
                39.95900997000007
              ],
              [
                -75.17044894799994,
                39.95743792500008
              ],
              [
                -75.17022436999997,
                39.956539614000064
              ],
              [
                -75.16775401399997,
                39.954742992000035
              ],
              [
                -75.16730485899996,
                39.953395525000076
              ],
              [
                -75.16663112499998,
                39.952946369000074
              ]
            ]
          ]
        ]
      }
    },
    {
      "type": "Feature",
      "properties": {
        "FacilityID": 17,
        "Name": "1513 Race Street\nPhiladelphia, PA 19102 : 0 - 5",
        "FromBreak": 0,
        "ToBreak": 5,
        "Shape_Leng": 0.02941650091,
        "Shape_Area": 0.00005247781
      },
      "geometry": {
        "type": "MultiPolygon",
        "coordinates": [
          [
            [
              [
                -75.16371161399996,
                39.96103117000007
              ],
              [
                -75.16146583599993,
                39.95923454800004
              ],
              [
                -75.16079210299995,
                39.95766250300005
              ],
              [
                -75.16101668099998,
                39.956988770000066
              ],
              [
                -75.16011836899997,
                39.95586588100008
              ],
              [
                -75.16101668099998,
                39.954967570000065
              ],
              [
                -75.16213956999997,
                39.95519214700005
              ],
              [
                -75.16213956999997,
                39.954742992000035
              ],
              [
                -75.16326245799996,
                39.95429383600003
              ],
              [
                -75.16393619199994,
                39.953395525000076
              ],
              [
                -75.16663112499998,
                39.952946369000074
              ],
              [
                -75.16730485899996,
                39.953395525000076
              ],
              [
                -75.16775401399997,
                39.954742992000035
              ],
              [
                -75.17022436999997,
                39.956539614000064
              ],
              [
                -75.17044894799994,
                39.95743792500008
              ],
              [
                -75.16932605899996,
                39.95900997000007
              ],
              [
                -75.16730485899996,
                39.95945912500008
              ],
              [
                -75.16708028099998,
                39.960132859000055
              ],
              [
                -75.16550823599994,
                39.96103117000007
              ],
              [
                -75.16483450299995,
                39.96058201400007
              ],
              [
                -75.16371161399996,
                39.96103117000007
              ]
            ]
          ]
        ]
      }
    },
    {
      "type": "Feature",
      "properties": {
        "FacilityID": 20,
        "Name": "1216 Arch Street\n4th Floor\nPhiladelphia, PA 19107 : 15 - 20",
        "FromBreak": 15,
        "ToBreak": 20,
        "Shape_Leng": 0.19985751115,
        "Shape_Area": 0.00029633192
      },
      "geometry": {
        "type": "MultiPolygon",
        "coordinates": [
          [
            [
              [
                -75.16011836899997,
                39.969115971000065
              ],
              [
                -75.15450392499997,
                39.967543926000076
              ],
              [
                -75.15405476899997,
                39.96619645900006
              ],
              [
                -75.15203356899997,
                39.96507357000007
              ],
              [
                -75.15203356899997,
                39.96350152600007
              ],
              [
                -75.15046152399998,
                39.96327694800004
              ],
              [
                -75.14844032399998,
                39.961704903000054
              ],
              [
                -75.14686827999998,
                39.95968370300005
              ],
              [
                -75.14552081299996,
                39.95923454800004
              ],
              [
                -75.14507165699996,
                39.95811165900005
              ],
              [
                -75.14529623499999,
                39.95743792500008
              ],
              [
                -75.14372418999994,
                39.95541672500008
              ],
              [
                -75.14282587899999,
                39.954967570000065
              ],
              [
                -75.14282587899999,
                39.95406925800006
              ],
              [
                -75.14215214599994,
                39.95384468100008
              ],
              [
                -75.14192756799997,
                39.95317094700005
              ],
              [
                -75.14147841199997,
                39.953395525000076
              ],
              [
                -75.14080467899998,
                39.952946369000074
              ],
              [
                -75.14058010099995,
                39.95159890300005
              ],
              [
                -75.14102925699996,
                39.95092516900007
              ],
              [
                -75.14260130099996,
                39.95025143600003
              ],
              [
                -75.14327503499999,
                39.94912854700004
              ],
              [
                -75.14596996799997,
                39.947556502000054
              ],
              [
                -75.14686827999998,
                39.947556502000054
              ],
              [
                -75.14844032399998,
                39.94620903600003
              ],
              [
                -75.15001236899997,
                39.945759880000026
              ],
              [
                -75.15091067999998,
                39.94463699100004
              ],
              [
                -75.15225814699994,
                39.94463699100004
              ],
              [
                -75.15315645799996,
                39.943738680000024
              ],
              [
                -75.15427934699994,
                39.943738680000024
              ],
              [
                -75.15450392499997,
                39.94306494600005
              ],
              [
                -75.15607596899997,
                39.942840369000066
              ],
              [
                -75.15630054699994,
                39.942166635000035
              ],
              [
                -75.15809716899997,
                39.94171748000008
              ],
              [
                -75.15832174699995,
                39.94104374600005
              ],
              [
                -75.15966921399996,
                39.94104374600005
              ],
              [
                -75.16169041399996,
                39.939247124000076
              ],
              [
                -75.16348703599994,
                39.939247124000076
              ],
              [
                -75.16416076999997,
                39.938797968000074
              ],
              [
                -75.16528365899995,
                39.940145435000034
              ],
              [
                -75.16685570299995,
                39.940819169000065
              ],
              [
                -75.16708028099998,
                39.94171748000008
              ],
              [
                -75.17089810299996,
                39.94508614700004
              ],
              [
                -75.17112268099999,
                39.945984458000055
              ],
              [
                -75.17157183699999,
                39.945984458000055
              ],
              [
                -75.17224556999997,
                39.94710734700004
              ],
              [
                -75.17291930399995,
                39.94688276900007
              ],
              [
                -75.17494050399995,
                39.94845481400006
              ],
              [
                -75.17538965899996,
                39.94935312500007
              ],
              [
                -75.17494050399995,
                39.95025143600003
              ],
              [
                -75.17718628199998,
                39.95159890300005
              ],
              [
                -75.17763543699994,
                39.952721792000034
              ],
              [
                -75.17853374799995,
                39.95317094700005
              ],
              [
                -75.17965663699994,
                39.956315036000035
              ],
              [
                -75.17898290399995,
                39.95743792500008
              ],
              [
                -75.17898290399995,
                39.95878539200004
              ],
              [
                -75.17696170399995,
                39.960132859000055
              ],
              [
                -75.17628797099997,
                39.960132859000055
              ],
              [
                -75.17673712599998,
                39.96148032600007
              ],
              [
                -75.17606339299994,
                39.96237863700003
              ],
              [
                -75.17426676999997,
                39.96237863700003
              ],
              [
                -75.17336845899996,
                39.96305237000007
              ],
              [
                -75.17224556999997,
                39.96237863700003
              ],
              [
                -75.17202099199994,
                39.96350152600007
              ],
              [
                -75.17134725899996,
                39.96395068100003
              ],
              [
                -75.17022436999997,
                39.96350152600007
              ],
              [
                -75.16955063699999,
                39.96439983700003
              ],
              [
                -75.16820316999997,
                39.96439983700003
              ],
              [
                -75.16775401399997,
                39.96484899200004
              ],
              [
                -75.16573281399997,
                39.96462441500006
              ],
              [
                -75.16438534699995,
                39.96619645900006
              ],
              [
                -75.16303788099998,
                39.96664561500006
              ],
              [
                -75.16236414699995,
                39.96866681500006
              ],
              [
                -75.16079210299995,
                39.96866681500006
              ],
              [
                -75.16011836899997,
                39.969115971000065
              ]
            ],
            [
              [
                -75.16348703599994,
                39.94261579100004
              ],
              [
                -75.16236414699995,
                39.94328952400008
              ],
              [
                -75.16146583599993,
                39.94261579100004
              ],
              [
                -75.15922005799996,
                39.943738680000024
              ],
              [
                -75.15877090299995,
                39.94463699100004
              ],
              [
                -75.15787259099994,
                39.94463699100004
              ],
              [
                -75.15607596899997,
                39.945984458000055
              ],
              [
                -75.15383019099994,
                39.94665819100004
              ],
              [
                -75.15338103599998,
                39.94778108000003
              ],
              [
                -75.15203356899997,
                39.94778108000003
              ],
              [
                -75.15135983499994,
                39.94890396900007
              ],
              [
                -75.15046152399998,
                39.94867939100004
              ],
              [
                -75.14978779099994,
                39.94935312500007
              ],
              [
                -75.14844032399998,
                39.949577702000056
              ],
              [
                -75.14776659099994,
                39.95070059100004
              ],
              [
                -75.14641912399998,
                39.95092516900007
              ],
              [
                -75.14507165699996,
                39.95227263600003
              ],
              [
                -75.14552081299996,
                39.95317094700005
              ],
              [
                -75.14686827999998,
                39.95384468100008
              ],
              [
                -75.14731743499993,
                39.95519214700005
              ],
              [
                -75.14866490199995,
                39.95541672500008
              ],
              [
                -75.14821574599995,
                39.95609045900005
              ],
              [
                -75.14844032399998,
                39.956988770000066
              ],
              [
                -75.14911405699996,
                39.95743792500008
              ],
              [
                -75.14956321299996,
                39.95721334700005
              ],
              [
                -75.15001236899997,
                39.95878539200004
              ],
              [
                -75.15135983499994,
                39.95923454800004
              ],
              [
                -75.15158441299997,
                39.960132859000055
              ],
              [
                -75.15360561299997,
                39.961704903000054
              ],
              [
                -75.15405476899997,
                39.96260321500006
              ],
              [
                -75.15495307999998,
                39.96282779200004
              ],
              [
                -75.15674970199996,
                39.96484899200004
              ],
              [
                -75.15742343599999,
                39.96507357000007
              ],
              [
                -75.15832174699995,
                39.96462441500006
              ],
              [
                -75.15854632499997,
                39.965298148000045
              ],
              [
                -75.15922005799996,
                39.965522726000074
              ],
              [
                -75.16011836899997,
                39.96507357000007
              ],
              [
                -75.16034294699995,
                39.96439983700003
              ],
              [
                -75.16191499199994,
                39.96417525900006
              ],
              [
                -75.16326245799996,
                39.96350152600007
              ],
              [
                -75.16371161399996,
                39.96260321500006
              ],
              [
                -75.16550823599994,
                39.962154059000056
              ],
              [
                -75.16595739199994,
                39.96125574800004
              ],
              [
                -75.16865232599997,
                39.96148032600007
              ],
              [
                -75.16932605899996,
                39.96058201400007
              ],
              [
                -75.17044894799994,
                39.96080659200004
              ],
              [
                -75.17157183699999,
                39.959908281000025
              ],
              [
                -75.17291930399995,
                39.959908281000025
              ],
              [
                -75.17336845899996,
                39.95923454800004
              ],
              [
                -75.17314388099999,
                39.95833623600004
              ],
              [
                -75.17381761499996,
                39.95811165900005
              ],
              [
                -75.17449134799995,
                39.95676419200004
              ],
              [
                -75.17561423699993,
                39.95586588100008
              ],
              [
                -75.17404219299993,
                39.952946369000074
              ],
              [
                -75.17157183699999,
                39.95092516900007
              ],
              [
                -75.17112268099999,
                39.94980228000003
              ],
              [
                -75.17022436999997,
                39.949577702000056
              ],
              [
                -75.16977521499996,
                39.94867939100004
              ],
              [
                -75.16910148099998,
                39.94845481400006
              ],
              [
                -75.16910148099998,
                39.947556502000054
              ],
              [
                -75.16842774799994,
                39.94733192500007
              ],
              [
                -75.16797859199994,
                39.94643361300007
              ],
              [
                -75.16663112499998,
                39.945759880000026
              ],
              [
                -75.16573281399997,
                39.944412413000066
              ],
              [
                -75.16483450299995,
                39.94418783500004
              ],
              [
                -75.16348703599994,
                39.94261579100004
              ]
            ]
          ]
        ]
      }
    },
    {
      "type": "Feature",
      "properties": {
        "FacilityID": 20,
        "Name": "1216 Arch Street\n4th Floor\nPhiladelphia, PA 19107 : 10 - 15",
        "FromBreak": 10,
        "ToBreak": 15,
        "Shape_Leng": 0.14456594715,
        "Shape_Area": 0.00021707304
      },
      "geometry": {
        "type": "MultiPolygon",
        "coordinates": [
          [
            [
              [
                -75.15922005799996,
                39.965522726000074
              ],
              [
                -75.15854632499997,
                39.965298148000045
              ],
              [
                -75.15832174699995,
                39.96462441500006
              ],
              [
                -75.15742343599999,
                39.96507357000007
              ],
              [
                -75.15674970199996,
                39.96484899200004
              ],
              [
                -75.15495307999998,
                39.96282779200004
              ],
              [
                -75.15405476899997,
                39.96260321500006
              ],
              [
                -75.15360561299997,
                39.961704903000054
              ],
              [
                -75.15158441299997,
                39.960132859000055
              ],
              [
                -75.15135983499994,
                39.95923454800004
              ],
              [
                -75.15001236899997,
                39.95878539200004
              ],
              [
                -75.14956321299996,
                39.95721334700005
              ],
              [
                -75.14911405699996,
                39.95743792500008
              ],
              [
                -75.14844032399998,
                39.956988770000066
              ],
              [
                -75.14821574599995,
                39.95609045900005
              ],
              [
                -75.14866490199995,
                39.95541672500008
              ],
              [
                -75.14731743499993,
                39.95519214700005
              ],
              [
                -75.14686827999998,
                39.95384468100008
              ],
              [
                -75.14552081299996,
                39.95317094700005
              ],
              [
                -75.14507165699996,
                39.95227263600003
              ],
              [
                -75.14641912399998,
                39.95092516900007
              ],
              [
                -75.14776659099994,
                39.95070059100004
              ],
              [
                -75.14844032399998,
                39.949577702000056
              ],
              [
                -75.14978779099994,
                39.94935312500007
              ],
              [
                -75.15046152399998,
                39.94867939100004
              ],
              [
                -75.15135983499994,
                39.94890396900007
              ],
              [
                -75.15203356899997,
                39.94778108000003
              ],
              [
                -75.15338103599998,
                39.94778108000003
              ],
              [
                -75.15383019099994,
                39.94665819100004
              ],
              [
                -75.15607596899997,
                39.945984458000055
              ],
              [
                -75.15787259099994,
                39.94463699100004
              ],
              [
                -75.15877090299995,
                39.94463699100004
              ],
              [
                -75.15922005799996,
                39.943738680000024
              ],
              [
                -75.16146583599993,
                39.94261579100004
              ],
              [
                -75.16236414699995,
                39.94328952400008
              ],
              [
                -75.16348703599994,
                39.94261579100004
              ],
              [
                -75.16483450299995,
                39.94418783500004
              ],
              [
                -75.16573281399997,
                39.944412413000066
              ],
              [
                -75.16663112499998,
                39.945759880000026
              ],
              [
                -75.16797859199994,
                39.94643361300007
              ],
              [
                -75.16842774799994,
                39.94733192500007
              ],
              [
                -75.16910148099998,
                39.947556502000054
              ],
              [
                -75.16910148099998,
                39.94845481400006
              ],
              [
                -75.16977521499996,
                39.94867939100004
              ],
              [
                -75.17022436999997,
                39.949577702000056
              ],
              [
                -75.17112268099999,
                39.94980228000003
              ],
              [
                -75.17157183699999,
                39.95092516900007
              ],
              [
                -75.17404219299993,
                39.952946369000074
              ],
              [
                -75.17561423699993,
                39.95586588100008
              ],
              [
                -75.17449134799995,
                39.95676419200004
              ],
              [
                -75.17381761499996,
                39.95811165900005
              ],
              [
                -75.17314388099999,
                39.95833623600004
              ],
              [
                -75.17336845899996,
                39.95923454800004
              ],
              [
                -75.17291930399995,
                39.959908281000025
              ],
              [
                -75.17157183699999,
                39.959908281000025
              ],
              [
                -75.17044894799994,
                39.96080659200004
              ],
              [
                -75.16932605899996,
                39.96058201400007
              ],
              [
                -75.16865232599997,
                39.96148032600007
              ],
              [
                -75.16595739199994,
                39.96125574800004
              ],
              [
                -75.16550823599994,
                39.962154059000056
              ],
              [
                -75.16371161399996,
                39.96260321500006
              ],
              [
                -75.16326245799996,
                39.96350152600007
              ],
              [
                -75.16191499199994,
                39.96417525900006
              ],
              [
                -75.16034294699995,
                39.96439983700003
              ],
              [
                -75.16011836899997,
                39.96507357000007
              ],
              [
                -75.15922005799996,
                39.965522726000074
              ]
            ],
            [
              [
                -75.16258872499998,
                39.94620903600003
              ],
              [
                -75.16169041399996,
                39.94688276900007
              ],
              [
                -75.16079210299995,
                39.94643361300007
              ],
              [
                -75.15922005799996,
                39.947556502000054
              ],
              [
                -75.15787259099994,
                39.94778108000003
              ],
              [
                -75.15697427999999,
                39.94912854700004
              ],
              [
                -75.15630054699994,
                39.949577702000056
              ],
              [
                -75.15472850199995,
                39.949577702000056
              ],
              [
                -75.15338103599998,
                39.95047601400006
              ],
              [
                -75.15315645799996,
                39.951149747000045
              ],
              [
                -75.15180899099994,
                39.951374325000074
              ],
              [
                -75.15046152399998,
                39.952946369000074
              ],
              [
                -75.15068610199995,
                39.95406925800006
              ],
              [
                -75.15180899099994,
                39.954742992000035
              ],
              [
                -75.15203356899997,
                39.95564130300005
              ],
              [
                -75.15427934699994,
                39.95766250300005
              ],
              [
                -75.15450392499997,
                39.958560814000066
              ],
              [
                -75.15540223599999,
                39.95900997000007
              ],
              [
                -75.15607596899997,
                39.960132859000055
              ],
              [
                -75.15697427999999,
                39.960132859000055
              ],
              [
                -75.15719885799996,
                39.96103117000007
              ],
              [
                -75.15787259099994,
                39.96148032600007
              ],
              [
                -75.15877090299995,
                39.96103117000007
              ],
              [
                -75.15989379199993,
                39.96192948100003
              ],
              [
                -75.16079210299995,
                39.96103117000007
              ],
              [
                -75.16056752499998,
                39.96035743700003
              ],
              [
                -75.16213956999997,
                39.96080659200004
              ],
              [
                -75.16303788099998,
                39.95968370300005
              ],
              [
                -75.16416076999997,
                39.95968370300005
              ],
              [
                -75.16505908099998,
                39.95878539200004
              ],
              [
                -75.16640654799994,
                39.95833623600004
              ],
              [
                -75.16663112499998,
                39.95766250300005
              ],
              [
                -75.16842774799994,
                39.95788708100008
              ],
              [
                -75.16955063699999,
                39.95743792500008
              ],
              [
                -75.17067352599997,
                39.95541672500008
              ],
              [
                -75.16932605899996,
                39.95249721400006
              ],
              [
                -75.16775401399997,
                39.95182348000003
              ],
              [
                -75.16752943699998,
                39.951149747000045
              ],
              [
                -75.16685570299995,
                39.95092516900007
              ],
              [
                -75.16663112499998,
                39.94980228000003
              ],
              [
                -75.16483450299995,
                39.94823023600003
              ],
              [
                -75.16393619199994,
                39.948005658000056
              ],
              [
                -75.16258872499998,
                39.94620903600003
              ]
            ]
          ]
        ]
      }
    },
    {
      "type": "Feature",
      "properties": {
        "FacilityID": 20,
        "Name": "1216 Arch Street\n4th Floor\nPhiladelphia, PA 19107 : 5 - 10",
        "FromBreak": 5,
        "ToBreak": 10,
        "Shape_Leng": 0.08911193843,
        "Shape_Area": 0.00013110627
      },
      "geometry": {
        "type": "MultiPolygon",
        "coordinates": [
          [
            [
              [
                -75.15989379199993,
                39.96192948100003
              ],
              [
                -75.15877090299995,
                39.96103117000007
              ],
              [
                -75.15787259099994,
                39.96148032600007
              ],
              [
                -75.15719885799996,
                39.96103117000007
              ],
              [
                -75.15697427999999,
                39.960132859000055
              ],
              [
                -75.15607596899997,
                39.960132859000055
              ],
              [
                -75.15540223599999,
                39.95900997000007
              ],
              [
                -75.15450392499997,
                39.958560814000066
              ],
              [
                -75.15427934699994,
                39.95766250300005
              ],
              [
                -75.15203356899997,
                39.95564130300005
              ],
              [
                -75.15180899099994,
                39.954742992000035
              ],
              [
                -75.15068610199995,
                39.95406925800006
              ],
              [
                -75.15046152399998,
                39.952946369000074
              ],
              [
                -75.15180899099994,
                39.951374325000074
              ],
              [
                -75.15315645799996,
                39.951149747000045
              ],
              [
                -75.15338103599998,
                39.95047601400006
              ],
              [
                -75.15472850199995,
                39.949577702000056
              ],
              [
                -75.15630054699994,
                39.949577702000056
              ],
              [
                -75.15697427999999,
                39.94912854700004
              ],
              [
                -75.15787259099994,
                39.94778108000003
              ],
              [
                -75.15922005799996,
                39.947556502000054
              ],
              [
                -75.16079210299995,
                39.94643361300007
              ],
              [
                -75.16169041399996,
                39.94688276900007
              ],
              [
                -75.16258872499998,
                39.94620903600003
              ],
              [
                -75.16393619199994,
                39.948005658000056
              ],
              [
                -75.16483450299995,
                39.94823023600003
              ],
              [
                -75.16663112499998,
                39.94980228000003
              ],
              [
                -75.16685570299995,
                39.95092516900007
              ],
              [
                -75.16752943699998,
                39.951149747000045
              ],
              [
                -75.16775401399997,
                39.95182348000003
              ],
              [
                -75.16932605899996,
                39.95249721400006
              ],
              [
                -75.17067352599997,
                39.95541672500008
              ],
              [
                -75.16955063699999,
                39.95743792500008
              ],
              [
                -75.16842774799994,
                39.95788708100008
              ],
              [
                -75.16663112499998,
                39.95766250300005
              ],
              [
                -75.16640654799994,
                39.95833623600004
              ],
              [
                -75.16505908099998,
                39.95878539200004
              ],
              [
                -75.16416076999997,
                39.95968370300005
              ],
              [
                -75.16303788099998,
                39.95968370300005
              ],
              [
                -75.16213956999997,
                39.96080659200004
              ],
              [
                -75.16056752499998,
                39.96035743700003
              ],
              [
                -75.16079210299995,
                39.96103117000007
              ],
              [
                -75.15989379199993,
                39.96192948100003
              ]
            ],
            [
              [
                -75.16169041399996,
                39.95002685800006
              ],
              [
                -75.16079210299995,
                39.95070059100004
              ],
              [
                -75.15989379199993,
                39.95025143600003
              ],
              [
                -75.15854632499997,
                39.951374325000074
              ],
              [
                -75.15809716899997,
                39.951149747000045
              ],
              [
                -75.15697427999999,
                39.95204805800006
              ],
              [
                -75.15495307999998,
                39.952721792000034
              ],
              [
                -75.15450392499997,
                39.953395525000076
              ],
              [
                -75.15607596899997,
                39.95541672500008
              ],
              [
                -75.15674970199996,
                39.95564130300005
              ],
              [
                -75.15764801399996,
                39.95721334700005
              ],
              [
                -75.15966921399996,
                39.95721334700005
              ],
              [
                -75.15989379199993,
                39.95788708100008
              ],
              [
                -75.16056752499998,
                39.95811165900005
              ],
              [
                -75.16326245799996,
                39.95676419200004
              ],
              [
                -75.16393619199994,
                39.95564130300005
              ],
              [
                -75.16528365899995,
                39.95564130300005
              ],
              [
                -75.16618196999997,
                39.954742992000035
              ],
              [
                -75.16505908099998,
                39.952946369000074
              ],
              [
                -75.16371161399996,
                39.95249721400006
              ],
              [
                -75.16348703599994,
                39.951374325000074
              ],
              [
                -75.16236414699995,
                39.95092516900007
              ],
              [
                -75.16169041399996,
                39.95002685800006
              ]
            ]
          ]
        ]
      }
    },
    {
      "type": "Feature",
      "properties": {
        "FacilityID": 20,
        "Name": "1216 Arch Street\n4th Floor\nPhiladelphia, PA 19107 : 0 - 5",
        "FromBreak": 0,
        "ToBreak": 5,
        "Shape_Leng": 0.03124140713,
        "Shape_Area": 0.00005414217
      },
      "geometry": {
        "type": "MultiPolygon",
        "coordinates": [
          [
            [
              [
                -75.16056752499998,
                39.95811165900005
              ],
              [
                -75.15989379199993,
                39.95788708100008
              ],
              [
                -75.15966921399996,
                39.95721334700005
              ],
              [
                -75.15764801399996,
                39.95721334700005
              ],
              [
                -75.15674970199996,
                39.95564130300005
              ],
              [
                -75.15607596899997,
                39.95541672500008
              ],
              [
                -75.15450392499997,
                39.953395525000076
              ],
              [
                -75.15495307999998,
                39.952721792000034
              ],
              [
                -75.15697427999999,
                39.95204805800006
              ],
              [
                -75.15809716899997,
                39.951149747000045
              ],
              [
                -75.15854632499997,
                39.951374325000074
              ],
              [
                -75.15989379199993,
                39.95025143600003
              ],
              [
                -75.16079210299995,
                39.95070059100004
              ],
              [
                -75.16169041399996,
                39.95002685800006
              ],
              [
                -75.16236414699995,
                39.95092516900007
              ],
              [
                -75.16348703599994,
                39.951374325000074
              ],
              [
                -75.16371161399996,
                39.95249721400006
              ],
              [
                -75.16505908099998,
                39.952946369000074
              ],
              [
                -75.16618196999997,
                39.954742992000035
              ],
              [
                -75.16528365899995,
                39.95564130300005
              ],
              [
                -75.16393619199994,
                39.95564130300005
              ],
              [
                -75.16326245799996,
                39.95676419200004
              ],
              [
                -75.16056752499998,
                39.95811165900005
              ]
            ]
          ]
        ]
      }
    }
  ]
}
